key,nl,en,pl,ro,ar,source,reviewer_note
CareerErr.GenerationLimit,Je kunt morgen weer een nieuw plan maken.,You can create a new plan again tomorrow.,Jutro znów możesz utworzyć nowy plan.,Poți crea un plan nou mâine.,يمكنك إنشاء خطة جديدة غداً.,UiStringsCareer.cs,Needs native review (pl/ro/ar)
CareerErr.CompletePreviousFirst,Maak eerst de stap ervoor af.,Complete the previous step first.,Najpierw ukończ poprzedni krok.,Finalizează mai întâi pasul anterior.,أكمل الخطوة السابقة أولاً.,UiStringsCareer.cs,Needs native review (pl/ro/ar)
CareerErr.UndoLastFirst,Je kunt alleen je laatste stap terugzetten.,You can only undo your last completed step.,Możesz cofnąć tylko ostatni ukończony krok.,Poți anula doar ultimul pas finalizat.,يمكنك التراجع عن آخر خطوة مكتملة فقط.,UiStringsCareer.cs,Needs native review (pl/ro/ar)
CareerErr.DreamTextInvalid,"Schrijf alleen de naam van een beroep, bijvoorbeeld 'kok'.","Enter a job title only, for example “chef”.","Podaj tylko nazwę zawodu, na przykład „kucharz”.","Introdu doar numele unui job, de exemplu „bucătar”.",اكتب اسم مهنة فقط، مثل «طباخ».,UiStringsCareer.cs,Needs native review (pl/ro/ar)
CareerErr.InProgress,Lobsy maakt je plan al. Even geduld.,Lobsy is already building your plan. Please wait.,Lobsy już tworzy twój plan. Proszę czekać.,Lobsy îți creează deja planul. Așteaptă puțin.,لوبسي يبني خطتك بالفعل. انتظر قليلاً.,UiStringsCareer.cs,Needs native review (pl/ro/ar)
CareerErr.UsePassportProof,"Voeg bewijs toe via je paspoort, niet via deze knop.","Add proof via your passport, not this button.","Dodaj dowód w paszporcie, nie tym przyciskiem.","Adaugă dovada în pașaport, nu cu acest buton.",أضف الإثبات عبر جوازك، وليس عبر هذا الزر.,UiStringsCareer.cs,Needs native review (pl/ro/ar)
CareerErr.AiUnavailable,We gebruiken een standaardplan. Probeer het later opnieuw voor een persoonlijk plan.,We’re using a standard plan. Try again later for a personalised plan.,Używamy planu standardowego. Spróbuj później po plan personalny.,Folosim un plan standard. Încearcă mai târziu pentru un plan personal.,نستخدم خطة افتراضية. جرّب لاحقاً للحصول على خطة شخصية.,UiStringsCareer.cs,Needs native review (pl/ro/ar)
CareerErr.NoPlan,Je hebt nog geen carrièreplan.,You don’t have a career plan yet.,Nie masz jeszcze planu kariery.,Nu ai încă un plan de carieră.,ليس لديك خطة مهنية بعد.,UiStringsCareer.cs,Needs native review (pl/ro/ar)
CareerDream.Reason.Test,Uit je Beroepen-test,From your careers test,Z testu zawodów,Din testul de meserii,من اختبار المهن,UiStringsCareer.cs,Needs native review (pl/ro/ar)
CareerDream.Reason.Wish,Past bij je wens,Matches your preference,Pasuje do twoich życzeń,Se potrivește dorinței tale,يتوافق مع رغبتك,UiStringsCareer.cs,Needs native review (pl/ro/ar)
CareerFit.Good,Past goed,Good fit,Dobrze pasuje,Potrivire bună,يتوافق جيداً,UiStringsCareer.cs,Needs native review (pl/ro/ar)
CareerFit.Fair,Past redelijk,Fair fit,Umiarkowanie pasuje,Potrivire rezonabilă,يتوافق بشكل معقول,UiStringsCareer.cs,Needs native review (pl/ro/ar)
CareerFit.NotYet,Past nog niet,Not yet a fit,Jeszcze nie pasuje,Încă nu se potrivește,لا يتوافق بعد,UiStringsCareer.cs,Needs native review (pl/ro/ar)
Career.Title,Mijn carrière,My career,Moja kariera,Cariera mea,مسيرتي المهنية,UiStringsCareer.cs,Needs native review (pl/ro/ar)
Career.Eyebrow,Mijn carrière,My career,Moja kariera,Cariera mea,مسيرتي المهنية,UiStringsCareer.cs,Needs native review (pl/ro/ar)
Career.EyebrowStep,Mijn carrière · stap {0} van {1},My career · step {0} of {1},Moja kariera · krok {0} z {1},Cariera mea · pasul {0} din {1},مسيرتي المهنية · الخطوة {0} من {1},UiStringsCareer.cs,Needs native review (pl/ro/ar)
Career.Loading,Je plan wordt opgehaald.,Loading your plan.,Ładujemy twój plan.,Îți încărcăm planul.,يتم تحميل خطتك.,UiStringsCareer.cs,Needs native review (pl/ro/ar)
Career.Generating,Ik maak je plan. Dat duurt even.,I’m building your plan. This takes a moment.,Tworzę twój plan. To chwilę potrwa.,Îți creez planul. Durează un moment.,أبني خطتك. سيستغرق ذلك لحظة.,UiStringsCareer.cs,Needs native review (pl/ro/ar)
Career.Empty.Title,Waar wil jij naartoe groeien?,Where do you want to grow to?,W jakim kierunku chcesz rosnąć?,Încotro vrei să crești?,إلى أين تريد أن تنمو؟,UiStringsCareer.cs,Needs native review (pl/ro/ar)
Career.Empty.Lead,"Kies je droombaan. Lobsy maakt een plan met kleine stappen, van waar je nu bent tot daar. Je kunt altijd wisselen.","Choose your dream job. Lobsy builds a plan with small steps, from where you are now to there. You can always switch.","Wybierz wymarzoną pracę. Lobsy zrobi plan z małych kroków, od miejsca, w którym jesteś, aż tam. Zawsze możesz zmienić.","Alege jobul visat. Lobsy face un plan cu pași mici, de unde ești acum până acolo. Poți schimba oricând.",اختر وظيفة أحلامك. يصنع لوبسي خطة بخطوات صغيرة، من مكانك الآن إلى هناك. يمكنك التغيير في أي وقت.,UiStringsCareer.cs,Needs native review (pl/ro/ar)
Career.Empty.SuggestTitle,Past bij jou,Fits you,Pasuje do ciebie,Ți se potrivește,يناسبك,UiStringsCareer.cs,Needs native review (pl/ro/ar)
Career.Empty.SuggestLead,Uit je paspoort: wat je goed kunt en leuk vindt.,From your passport: what you are good at and enjoy.,Z twojego paszportu: w czym jesteś dobry i co lubisz.,Din pașaportul tău: ce știi să faci și ce îți place.,من جوازك: ما تجيده وما تحبه.,UiStringsCareer.cs,Needs native review (pl/ro/ar)
Career.Empty.Or,of,or,albo,sau,أو,UiStringsCareer.cs,Needs native review (pl/ro/ar)
Career.Empty.DiscoveryHint,Weet je het nog niet? Maak eerst de ontdekkingsreis af,Not sure yet? Finish the discovery journey first,Jeszcze nie wiesz? Najpierw skończ podróż odkrywczą,Încă nu știi? Termină mai întâi călătoria de descoperire,لا تعرف بعد؟ أكمل رحلة الاستكشاف أولاً,UiStringsCareer.cs,Needs native review (pl/ro/ar)
Career.Empty.Cta,Maak mijn groeiplan,Build my growth plan,Zrób mój plan rozwoju,Creează planul meu de creștere,أنشئ خطة نموي,UiStringsCareer.cs,Needs native review (pl/ro/ar)
Career.Search.Label,Zelf een beroep zoeken,Search for a job yourself,Sam poszukaj zawodu,Caută singur o meserie,ابحث عن مهنة بنفسك,UiStringsCareer.cs,Needs native review (pl/ro/ar)
Career.Search.Placeholder,"Bijvoorbeeld kok, monteur of leraar","For example chef, mechanic or teacher","Na przykład kucharz, mechanik lub nauczyciel","De exemplu bucătar, mecanic sau profesor",مثلاً طباخ أو ميكانيكي أو مدرّس,UiStringsCareer.cs,Needs native review (pl/ro/ar)
Career.Search.Hint,We zoeken in een lijst met echte beroepen. Zo klopt je plan beter.,We search a list of real jobs. That makes your plan more accurate.,Szukamy na liście prawdziwych zawodów. Dzięki temu plan jest trafniejszy.,Căutăm într-o listă de meserii reale. Așa planul e mai corect.,نبحث في قائمة مهن حقيقية. بذلك تكون خطتك أدق.,UiStringsCareer.cs,Needs native review (pl/ro/ar)
Career.Search.NotFound,Ik vind mijn beroep niet,I can’t find my job,Nie znajduję swojego zawodu,Nu îmi găsesc meseria,لا أجد مهنتي,UiStringsCareer.cs,Needs native review (pl/ro/ar)
Career.Search.FreeLabel,Naam van het beroep,Name of the job,Nazwa zawodu,Numele meseriei,اسم المهنة,UiStringsCareer.cs,Needs native review (pl/ro/ar)
Career.Search.FreeHint,Schrijf alleen de naam van een beroep.,Write only the name of a job.,Napisz tylko nazwę zawodu.,Scrie doar numele unei meserii.,اكتب اسم مهنة فقط.,UiStringsCareer.cs,Needs native review (pl/ro/ar)
Career.Search.Results,Beroepen die passen bij wat je typt,Jobs matching what you type,"Zawody pasujące do tego, co wpisujesz",Meserii care se potrivesc cu ce scrii,مهن تطابق ما تكتبه,UiStringsCareer.cs,Needs native review (pl/ro/ar)
Career.Suggest.Fit,Past goed bij je,Fits you well,Dobrze do ciebie pasuje,Ți se potrivește bine,يناسبك جيداً,UiStringsCareer.cs,Needs native review (pl/ro/ar)
Career.Overview.Title,Op weg naar {0},On your way to {0},W drodze do {0},În drum spre {0},في طريقك إلى {0},UiStringsCareer.cs,Needs native review (pl/ro/ar)
Career.Overview.TitleShort,Naar {0},To {0},Do {0},Spre {0},إلى {0},UiStringsCareer.cs,Needs native review (pl/ro/ar)
Career.Overview.Lead,Een kreeft groeit alleen als hij zijn oude schaal loslaat. Zo groei jij ook: steen voor steen.,A lobster only grows when it lets go of its old shell. You grow the same way: stone by stone.,"Homar rośnie tylko wtedy, gdy zrzuci starą skorupę. Ty rośniesz tak samo: kamień po kamieniu.",Un homar crește doar când își lasă carapacea veche. Așa crești și tu: piatră cu piatră.,لا ينمو الكركند إلا إذا تخلّى عن قوقعته القديمة. وأنت تنمو كذلك: حجراً بعد حجر.,UiStringsCareer.cs,Needs native review (pl/ro/ar)
Career.Overview.NowEyebrow,Nu aan de beurt · groeit nu,Up next · growing now,Teraz twoja kolej · rośnie teraz,Acum e rândul · crește acum,الدور الآن · ينمو الآن,UiStringsCareer.cs,Needs native review (pl/ro/ar)
Career.Overview.ViewStep,Bekijk deze stap,View this step,Zobacz ten krok,Vezi acest pas,اعرض هذه الخطوة,UiStringsCareer.cs,Needs native review (pl/ro/ar)
Career.Fact.Claws,Nog {0} klauwen laten groeien,{0} claws still to grow,Jeszcze {0} szczypce do wyhodowania,Mai ai {0} clești de crescut,بقي {0} من المخالب لتنمو,UiStringsCareer.cs,Needs native review (pl/ro/ar)
Career.Fact.Courses,{0} opleidingen · {1} is gratis,{0} courses · {1} is free,{0} szkoleń · {1} jest bezpłatne,{0} cursuri · {1} este gratuit,{0} دورات · {1} مجانية,UiStringsCareer.cs,Needs native review (pl/ro/ar)
Career.Fact.Band,Deze steen past al {0} bij jou,This stone already fits you {0},Ten kamień już {0} do ciebie pasuje,Piatra aceasta ți se potrivește deja {0},هذا الحجر يناسبك {0} بالفعل,UiStringsCareer.cs,Needs native review (pl/ro/ar)
Career.Have.Title,Wat je al hebt,What you already have,Co już masz,Ce ai deja,ما لديك بالفعل,UiStringsCareer.cs,Needs native review (pl/ro/ar)
Career.Have.TagPassport,In je paspoort,In your passport,W twoim paszporcie,În pașaportul tău,في جوازك,UiStringsCareer.cs,Needs native review (pl/ro/ar)
Career.Have.TagProfile,In je profiel,In your profile,W twoim profilu,În profilul tău,في ملفك,UiStringsCareer.cs,Needs native review (pl/ro/ar)
Career.CarriedOver,Je hebt al {0} stappen gehaald. Die tellen mee.,You already completed {0} steps. They still count.,Ukończyłeś już {0} kroków. One się liczą.,Ai finalizat deja {0} pași. Ei contează.,أنجزت بالفعل {0} خطوات. وهي محسوبة.,UiStringsCareer.cs,Needs native review (pl/ro/ar)
Career.Dismiss,Sluiten,Close,Zamknij,Închide,إغلاق,UiStringsCareer.cs,Needs native review (pl/ro/ar)
Career.Source.Ai,"Plan gemaakt met hulp van AI, op basis van je paspoort. Klopt iets niet? Zeg het ons.","Plan made with help from AI, based on your passport. Something off? Tell us.","Plan powstał z pomocą AI, na podstawie twojego paszportu. Coś się nie zgadza? Napisz nam.","Planul a fost făcut cu ajutorul AI, pe baza pașaportului tău. Ceva nu e în regulă? Spune-ne.",أُعدّت الخطة بمساعدة الذكاء الاصطناعي، بناءً على جوازك. هل هناك خطأ؟ أخبرنا.,UiStringsCareer.cs,Needs native review (pl/ro/ar)
Career.Source.Local,Plan gemaakt op basis van je paspoort.,Plan made from your passport.,Plan powstał na podstawie twojego paszportu.,Planul a fost făcut pe baza pașaportului tău.,أُعدّت الخطة بناءً على جوازك.,UiStringsCareer.cs,Needs native review (pl/ro/ar)
Career.Language.Line,Je plan is in het {0}. Maak je plan opnieuw in het {1}?,Your plan is in {0}. Rebuild your plan in {1}?,Twój plan jest w języku {0}. Zrobić plan ponownie w języku {1}?,Planul tău este în {0}. Refacem planul în {1}?,خطتك باللغة {0}. هل نعيد إنشاء خطتك باللغة {1}؟,UiStringsCareer.cs,Needs native review (pl/ro/ar)
Career.Language.Action,Plan opnieuw maken,Rebuild plan,Zrób plan ponownie,Refă planul,أعد إنشاء الخطة,UiStringsCareer.cs,Needs native review (pl/ro/ar)
Career.Goal.Title,Je bent er! Je bent klaar voor {0}.,You made it! You are ready for {0}.,Udało się! Jesteś gotowy na {0}.,Ai reușit! Ești pregătit pentru {0}.,وصلت! أنت جاهز لـ {0}.,UiStringsCareer.cs,Needs native review (pl/ro/ar)
Career.Goal.Vacancies,Bekijk vacatures,View jobs,Zobacz ogłoszenia,Vezi joburile,اعرض الوظائف,UiStringsCareer.cs,Needs native review (pl/ro/ar)
Career.Goal.Passport,Bekijk je paspoort,View your passport,Zobacz swój paszport,Vezi pașaportul tău,اعرض جوازك,UiStringsCareer.cs,Needs native review (pl/ro/ar)
Career.Goal.NewDream,Kies een nieuwe droombaan,Choose a new dream job,Wybierz nową wymarzoną pracę,Alege un nou job visat,اختر وظيفة أحلام جديدة,UiStringsCareer.cs,Needs native review (pl/ro/ar)
Career.EditDream,Droombaan wijzigen,Change dream job,Zmień wymarzoną pracę,Schimbă jobul visat,تغيير وظيفة الأحلام,UiStringsCareer.cs,Needs native review (pl/ro/ar)
Career.Lang.nl,Nederlands,Dutch,niderlandzkim,olandeză,الهولندية,UiStringsCareer.cs,Needs native review (pl/ro/ar)
Career.Lang.en,Engels,English,angielskim,engleză,الإنجليزية,UiStringsCareer.cs,Needs native review (pl/ro/ar)
Career.Lang.pl,Pools,Polish,polskim,poloneză,البولندية,UiStringsCareer.cs,Needs native review (pl/ro/ar)
Career.Lang.ro,Roemeens,Romanian,rumuńskim,română,الرومانية,UiStringsCareer.cs,Needs native review (pl/ro/ar)
Career.Lang.ar,Arabisch,Arabic,arabskim,arabă,العربية,UiStringsCareer.cs,Needs native review (pl/ro/ar)
Career.Rail.Title,Jouw groeireis,Your growth journey,Twoja podróż rozwoju,Călătoria ta de creștere,رحلة نموك,UiStringsCareer.cs,Needs native review (pl/ro/ar)
Career.Rail.To,Naar {0},To {0},Do {0},Spre {0},إلى {0},UiStringsCareer.cs,Needs native review (pl/ro/ar)
Career.Rail.NoDream,Nog geen droombaan gekozen,No dream job chosen yet,Nie wybrano jeszcze wymarzonej pracy,Încă nu ai ales jobul visat,لم تختر وظيفة أحلامك بعد,UiStringsCareer.cs,Needs native review (pl/ro/ar)
Career.Rail.Zone.Deep,In de diepte · waar je nu bent,In the deep · where you are now,W głębinie · gdzie jesteś teraz,În adânc · unde ești acum,في العمق · حيث أنت الآن,UiStringsCareer.cs,Needs native review (pl/ro/ar)
Career.Rail.Zone.Climb,De klim,The climb,Wspinaczka,Urcarea,الصعود,UiStringsCareer.cs,Needs native review (pl/ro/ar)
Career.Rail.Zone.Light,Naar het licht,Towards the light,W stronę światła,Spre lumină,نحو النور,UiStringsCareer.cs,Needs native review (pl/ro/ar)
Career.Rail.Now,Nu,Now,Teraz,Acum,الآن,UiStringsCareer.cs,Needs native review (pl/ro/ar)
Career.Rail.NowUnknown,Waar je nu bent,Where you are now,Gdzie jesteś teraz,Unde ești acum,حيث أنت الآن,UiStringsCareer.cs,Needs native review (pl/ro/ar)
Career.Rail.NewShell,Nieuwe schaal,New shell,Nowa skorupa,Carapace nouă,قوقعة جديدة,UiStringsCareer.cs,Needs native review (pl/ro/ar)
Career.Rail.GrowingNow,Groeit nu,Growing now,Rośnie teraz,Crește acum,ينمو الآن,UiStringsCareer.cs,Needs native review (pl/ro/ar)
Career.Rail.GrowingNowLevel,Groeit nu · {0},Growing now · {0},Rośnie teraz · {0},Crește acum · {0},ينمو الآن · {0},UiStringsCareer.cs,Needs native review (pl/ro/ar)
Career.Rail.Goal,Jouw droombaan,Your dream job,Twoja wymarzona praca,Jobul tău visat,وظيفة أحلامك,UiStringsCareer.cs,Needs native review (pl/ro/ar)
Career.Rail.GoalLevel,Jouw droombaan · {0},Your dream job · {0},Twoja wymarzona praca · {0},Jobul tău visat · {0},وظيفة أحلامك · {0},UiStringsCareer.cs,Needs native review (pl/ro/ar)
Career.Rail.Shells,{0} van {1} nieuwe schalen,{0} of {1} new shells,{0} z {1} nowych skorup,{0} din {1} carapace noi,{0} من {1} قواقع جديدة,UiStringsCareer.cs,Needs native review (pl/ro/ar)
Career.Rail.Saved,Alles is bewaard. Wisselen mag altijd.,Everything is saved. You can always switch.,Wszystko jest zapisane. Zawsze możesz zmienić.,Totul e salvat. Poți schimba oricând.,كل شيء محفوظ. يمكنك التغيير دائماً.,UiStringsCareer.cs,Needs native review (pl/ro/ar)
Career.Rail.EmptyNote,Je plan is alleen voor jou.,Your plan is only for you.,Twój plan jest tylko dla ciebie.,Planul tău e doar pentru tine.,خطتك لك وحدك.,UiStringsCareer.cs,Needs native review (pl/ro/ar)
Career.Stepper.Aria,Je stappen: van Nu naar je droombaan,Your steps: from Now to your dream job,Twoje kroki: od Teraz do wymarzonej pracy,Pașii tăi: de la Acum la jobul visat,خطواتك: من الآن إلى وظيفة أحلامك,UiStringsCareer.cs,Needs native review (pl/ro/ar)
Career.Stepper.Goal,Doel,Goal,Cel,Obiectiv,الهدف,UiStringsCareer.cs,Needs native review (pl/ro/ar)
CareerDream.DialogTitle,Een andere droombaan kiezen?,Choose a different dream job?,Wybrać inną wymarzoną pracę?,Alegi un alt job visat?,أتختار وظيفة أحلام أخرى؟,UiStringsCareer.cs,Needs native review (pl/ro/ar)
CareerDream.DialogLead,Soms past een andere steen beter. Dat is helemaal goed.,Sometimes another stone fits better. That is completely fine.,Czasem inny kamień pasuje lepiej. To zupełnie w porządku.,Uneori o altă piatră se potrivește mai bine. E perfect în regulă.,أحياناً يناسبك حجر آخر أفضل. لا مشكلة في ذلك أبداً.,UiStringsCareer.cs,Needs native review (pl/ro/ar)
CareerDream.KeepTitle,Wat gebeurt er met wat je al deed?,What happens to what you already did?,"Co stanie się z tym, co już zrobiłeś?",Ce se întâmplă cu ce ai făcut deja?,ماذا يحدث لما أنجزته بالفعل؟,UiStringsCareer.cs,Needs native review (pl/ro/ar)
CareerDream.KeepLine1,"Wat je haalde, blijft in je paspoort: {0}.",What you achieved stays in your passport: {0}.,"To, co zdobyłeś, zostaje w twoim paszporcie: {0}.",Ce ai obținut rămâne în pașaportul tău: {0}.,ما حققته يبقى في جوازك: {0}.,UiStringsCareer.cs,Needs native review (pl/ro/ar)
CareerDream.KeepSummaryFallback,alles wat je al deed,everything you already did,"wszystko, co już zrobiłeś",tot ce ai făcut deja,كل ما أنجزته,UiStringsCareer.cs,Needs native review (pl/ro/ar)
CareerDream.KeepSummaryCourses,{0} cursussen,{0} courses,{0} kursów,{0} cursuri,{0} دورات,UiStringsCareer.cs,Needs native review (pl/ro/ar)
CareerDream.KeepSummaryCoursesOne,1 cursus,1 course,1 kurs,1 curs,دورة واحدة,UiStringsCareer.cs,Needs native review (pl/ro/ar)
CareerDream.KeepSummaryExperience,je werkervaring,your work experience,twoje doświadczenie zawodowe,experiența ta de muncă,خبرتك العملية,UiStringsCareer.cs,Needs native review (pl/ro/ar)
CareerDream.KeepSummaryJoin,{0} en {1},{0} and {1},{0} i {1},{0} și {1},{0} و{1},UiStringsCareer.cs,Needs native review (pl/ro/ar)
CareerDream.KeepLine2,Je nieuwe plan telt dat mee. Je begint niet opnieuw.,Your new plan counts that. You don’t start over.,Nowy plan to uwzględnia. Nie zaczynasz od nowa.,Noul plan ține cont de asta. Nu începi de la zero.,خطتك الجديدة تحسب ذلك. لن تبدأ من جديد.,UiStringsCareer.cs,Needs native review (pl/ro/ar)
CareerDream.KeepLine3,Je oude plan bewaren we 30 dagen. Terugzetten kan.,We keep your old plan for 30 days. You can restore it.,Twój stary plan trzymamy 30 dni. Możesz go przywrócić.,Păstrăm planul vechi 30 de zile. Îl poți restaura.,نحفظ خطتك القديمة 30 يوماً. يمكنك استعادتها.,UiStringsCareer.cs,Needs native review (pl/ro/ar)
CareerDream.Stay,Blijf bij {0},Stay with {0},Zostań przy {0},Rămâi la {0},ابقَ مع {0},UiStringsCareer.cs,Needs native review (pl/ro/ar)
CareerDream.StayShort,Blijf bij mijn plan,Stay with my plan,Zostań przy moim planie,Rămâi la planul meu,ابقَ مع خطتي,UiStringsCareer.cs,Needs native review (pl/ro/ar)
CareerDream.Confirm,Maak nieuw plan,Build new plan,Zrób nowy plan,Creează planul nou,أنشئ خطة جديدة,UiStringsCareer.cs,Needs native review (pl/ro/ar)
CareerDream.Ready,Je nieuwe plan staat klaar,Your new plan is ready,Twój nowy plan jest gotowy,Noul tău plan e gata,خطتك الجديدة جاهزة,UiStringsCareer.cs,Needs native review (pl/ro/ar)
CareerDream.ArchiveTitle,Eerdere plannen ({0}),Earlier plans ({0}),Wcześniejsze plany ({0}),Planuri anterioare ({0}),خطط سابقة ({0}),UiStringsCareer.cs,Needs native review (pl/ro/ar)
CareerDream.ArchiveDays,nog {0} dagen bewaard,kept for {0} more days,przechowywany jeszcze {0} dni,păstrat încă {0} zile,محفوظ {0} أيام أخرى,UiStringsCareer.cs,Needs native review (pl/ro/ar)
CareerDream.ArchiveSteps,{0} van {1} stappen,{0} of {1} steps,{0} z {1} kroków,{0} din {1} pași,{0} من {1} خطوات,UiStringsCareer.cs,Needs native review (pl/ro/ar)
CareerDream.Restore,Zet terug,Restore,Przywróć,Restaurează,استعادة,UiStringsCareer.cs,Needs native review (pl/ro/ar)
CareerDream.RestoreTitle,Terug naar {0}?,Back to {0}?,Wrócić do {0}?,Revii la {0}?,العودة إلى {0}؟,UiStringsCareer.cs,Needs native review (pl/ro/ar)
CareerDream.RestoreLead,Je huidige plan bewaren we ook 30 dagen.,We keep your current plan for 30 days too.,Twój obecny plan też zatrzymamy na 30 dni.,Păstrăm și planul actual 30 de zile.,سنحفظ خطتك الحالية 30 يوماً أيضاً.,UiStringsCareer.cs,Needs native review (pl/ro/ar)
CareerDream.Cancel,Annuleren,Cancel,Anuluj,Anulează,إلغاء,UiStringsCareer.cs,Needs native review (pl/ro/ar)
Career.Say.Empty,Met mijn antennes voel ik al een paar stenen die bij je passen. Welke wil jij?,With my antennas I already feel a few stones that fit you. Which one do you want?,"Czułkami wyczuwam już kilka kamieni, które do ciebie pasują. Który wybierasz?",Cu antenele simt deja câteva pietre care ți se potrivesc. Pe care o vrei?,بقرون استشعاري أشعر بأحجار تناسبك. أيها تريد؟,UiStringsCareer.cs,Needs native review (pl/ro/ar)
Career.Say.EmptyShort,Welke steen past bij jou?,Which stone fits you?,Który kamień do ciebie pasuje?,Care piatră ți se potrivește?,أي حجر يناسبك؟,UiStringsCareer.cs,Needs native review (pl/ro/ar)
Career.Say.Climb,Ik zit nu op steen {0}. Mijn schaal wordt al krap. Dat is goed: dan groei ik.,I’m on stone {0} now. My shell is getting tight. That is good: it means I grow.,"Jestem teraz na kamieniu {0}. Skorupa robi się ciasna. To dobrze: znaczy, że rosnę.",Sunt acum pe piatra {0}. Carapacea îmi devine strâmtă. E bine: înseamnă că cresc.,أنا الآن على الحجر {0}. قوقعتي تضيق. هذا جيد: يعني أنني أنمو.,UiStringsCareer.cs,Needs native review (pl/ro/ar)
Career.Say.ClimbShort,Steen {0}. Mijn schaal wordt krap: ik groei!,Stone {0}. My shell is getting tight: I’m growing!,Kamień {0}. Skorupa się zacieśnia: rosnę!,Piatra {0}. Carapacea mi se strânge: cresc!,الحجر {0}. قوقعتي تضيق: أنا أنمو!,UiStringsCareer.cs,Needs native review (pl/ro/ar)
Career.Say.Goal,Je staat op de gouden steen. Mooi geklommen!,You are standing on the golden stone. Nicely climbed!,Stoisz na złotym kamieniu. Dobra wspinaczka!,Stai pe piatra de aur. Ai urcat frumos!,أنت على الحجر الذهبي. صعود جميل!,UiStringsCareer.cs,Needs native review (pl/ro/ar)
Career.Say.NewShell,Voel je dat? Mijn oude schaal was te krap. Deze nieuwe past precies.,Do you feel that? My old shell was too tight. This new one fits perfectly.,Czujesz to? Moja stara skorupa była za ciasna. Ta nowa pasuje idealnie.,Simți? Carapacea veche era prea strâmtă. Cea nouă se potrivește perfect.,أتشعر بذلك؟ قوقعتي القديمة كانت ضيقة. هذه الجديدة تناسبني تماماً.,UiStringsCareer.cs,Needs native review (pl/ro/ar)
Career.Say.NewShellShort,Voel je dat? Deze nieuwe schaal past precies.,Do you feel that? This new shell fits perfectly.,Czujesz to? Ta nowa skorupa pasuje idealnie.,Simți? Carapacea nouă se potrivește perfect.,أتشعر بذلك؟ هذه القوقعة الجديدة تناسبني تماماً.,UiStringsCareer.cs,Needs native review (pl/ro/ar)
Career.Lobster.Celebrate,Lobsy met een nieuwe gouden schaal,Lobsy with a new golden shell,Lobsy w nowej złotej skorupie,"Lobsy cu o carapace nouă, aurie",لوبسي بقوقعة ذهبية جديدة,UiStringsCareer.cs,Needs native review (pl/ro/ar)
CareerStep.Eyebrow.Now,De klim · stap {0} van {1} · groeit nu,The climb · step {0} of {1} · growing now,Wspinaczka · krok {0} z {1} · rośnie teraz,Urcarea · pasul {0} din {1} · crește acum,الصعود · الخطوة {0} من {1} · ينمو الآن,UiStringsCareer.cs,Needs native review (pl/ro/ar)
CareerStep.Eyebrow.Done,De klim · stap {0} van {1} · gehaald,The climb · step {0} of {1} · done,Wspinaczka · krok {0} z {1} · zaliczony,Urcarea · pasul {0} din {1} · finalizat,الصعود · الخطوة {0} من {1} · مُنجزة,UiStringsCareer.cs,Needs native review (pl/ro/ar)
CareerStep.Eyebrow.Todo,De klim · stap {0} van {1} · later,The climb · step {0} of {1} · later,Wspinaczka · krok {0} z {1} · później,Urcarea · pasul {0} din {1} · mai târziu,الصعود · الخطوة {0} من {1} · لاحقاً,UiStringsCareer.cs,Needs native review (pl/ro/ar)
CareerStep.Back,Mijn groeireis,My growth journey,Moja podróż rozwoju,Călătoria mea de creștere,رحلة نموي,UiStringsCareer.cs,Needs native review (pl/ro/ar)
CareerStep.Gaps.Title,Wat je nog mist,What you still miss,Czego ci jeszcze brakuje,Ce îți lipsește încă,ما ينقصك بعد,UiStringsCareer.cs,Needs native review (pl/ro/ar)
CareerStep.Gaps.Sub,"Welke klauwen je al hebt, en welke je nog laat groeien.","Which claws you already have, and which ones you are still growing.","Które szczypce już masz, a które jeszcze hodujesz.",Ce clești ai deja și pe care îi mai crești.,أي المخالب لديك بالفعل، وأيها ما زلت تنميه.,UiStringsCareer.cs,Needs native review (pl/ro/ar)
CareerStep.Gaps.Have,heb je al,you already have,już masz,ai deja,لديك بالفعل,UiStringsCareer.cs,Needs native review (pl/ro/ar)
CareerStep.Gaps.ShowAll,Toon alles ({0}),Show all ({0}),Pokaż wszystko ({0}),Arată tot ({0}),أظهر الكل ({0}),UiStringsCareer.cs,Needs native review (pl/ro/ar)
CareerStep.Gaps.None,Voor deze stap mis je niets meer.,You are not missing anything for this step.,Do tego kroku nic ci nie brakuje.,Pentru acest pas nu îți lipsește nimic.,لا ينقصك شيء لهذه الخطوة.,UiStringsCareer.cs,Needs native review (pl/ro/ar)
CareerStep.Years,{0} jaar ervaring helpt,{0} years of experience helps,{0} lat doświadczenia pomaga,{0} ani de experiență ajută,{0} سنوات من الخبرة تساعد,UiStringsCareer.cs,Needs native review (pl/ro/ar)
CareerStep.Band.Title,Match op deze stap,Fit for this step,Dopasowanie do tego kroku,Potrivirea pe acest pas,التوافق مع هذه الخطوة,UiStringsCareer.cs,Needs native review (pl/ro/ar)
CareerStep.Band.Eyebrow,Groei eerst. Match daarna.,Grow first. Match after.,Najpierw rośnij. Potem dopasowanie.,Crește mai întâi. Potrivirea vine după.,انمُ أولاً. والتوافق بعد ذلك.,UiStringsCareer.cs,Needs native review (pl/ro/ar)
CareerStep.Band.Good,Deze steen past goed bij jouw formaat.,This stone is a good fit for your size.,Ten kamień dobrze pasuje do twojego rozmiaru.,Piatra aceasta se potrivește bine cu mărimea ta.,هذا الحجر يناسب حجمك جيداً.,UiStringsCareer.cs,Needs native review (pl/ro/ar)
CareerStep.Band.Fair,Deze steen past al redelijk bij jouw formaat. Met {0} worden je matches sterker.,This stone already fits your size reasonably. With {0} your matches get stronger.,Ten kamień już całkiem pasuje do twojego rozmiaru. Z {0} twoje dopasowania będą mocniejsze.,Piatra aceasta se potrivește deja rezonabil cu mărimea ta. Cu {0} potrivirile tale devin mai puternice.,هذا الحجر يناسب حجمك بشكل معقول. مع {0} تصبح مطابقاتك أقوى.,UiStringsCareer.cs,Needs native review (pl/ro/ar)
CareerStep.Band.NotYet,Deze steen is nog wat groot. Dat is normaal: je groeit ernaartoe.,This stone is still a bit big. That is normal: you grow into it.,Ten kamień jest jeszcze trochę duży. To normalne: dorośniesz do niego.,Piatra aceasta e încă puțin mare. E normal: crești spre ea.,هذا الحجر كبير قليلاً بعد. هذا طبيعي: أنت تنمو نحوه.,UiStringsCareer.cs,Needs native review (pl/ro/ar)
CareerStep.Band.Unknown,"Doe de Beroepen-test in je paspoort, dan zie je hoe goed dit past.",Take the careers test in your passport to see how well this fits.,"Zrób test zawodów w swoim paszporcie, wtedy zobaczysz, jak to pasuje.","Fă testul de meserii în pașaportul tău, apoi vezi cât de bine se potrivește.",أجرِ اختبار المهن في جوازك لترى مدى ملاءمة ذلك.,UiStringsCareer.cs,Needs native review (pl/ro/ar)
CareerStep.Band.TestLink,Doe de Beroepen-test,Take the careers test,Zrób test zawodów,Fă testul de meserii,أجرِ اختبار المهن,UiStringsCareer.cs,Needs native review (pl/ro/ar)
CareerStep.Vacancies,Vacatures voor {0},Jobs for {0},Ogłoszenia dla {0},Joburi pentru {0},وظائف لـ {0},UiStringsCareer.cs,Needs native review (pl/ro/ar)
CareerStep.VacancyCount,{0} vacatures passen goed,{0} jobs are a good fit,{0} ogłoszeń dobrze pasuje,{0} joburi se potrivesc bine,{0} وظائف تناسبك جيداً,UiStringsCareer.cs,Needs native review (pl/ro/ar)
CareerStep.Courses.Title,Opleiding die past,A course that fits,"Szkolenie, które pasuje",Un curs care ți se potrivește,دورة تناسبك,UiStringsCareer.cs,Needs native review (pl/ro/ar)
CareerStep.Courses.Eyebrow,Laat je klauw groeien,Grow your claw,Wyhoduj swoje szczypce,Crește-ți cleștele,أنمِ مخلبك,UiStringsCareer.cs,Needs native review (pl/ro/ar)
CareerStep.Courses.Disclosure,Gratis staat altijd bovenaan. Partnerlink: Lobsy kan een vergoeding krijgen.,Free is always on top. Partner link: Lobsy may receive a fee.,Bezpłatne jest zawsze na górze. Link partnerski: Lobsy może dostać wynagrodzenie.,Gratuit este mereu primul. Link partener: Lobsy poate primi o remunerație.,المجاني دائماً في الأعلى. رابط شريك: قد يحصل لوبسي على عائد.,UiStringsCareer.cs,Needs native review (pl/ro/ar)
CareerStep.Courses.Plain,Wat kan helpen: {0},What can help: {0},Co może pomóc: {0},Ce poate ajuta: {0},ما قد يساعد: {0},UiStringsCareer.cs,Needs native review (pl/ro/ar)
CareerStep.Proof,Heb je dit al? Voeg bewijs toe,Do you already have this? Add proof,Masz to już? Dodaj dowód,Ai deja asta? Adaugă dovada,هل لديك هذا بالفعل؟ أضف إثباتاً,UiStringsCareer.cs,Needs native review (pl/ro/ar)
CareerStep.ProofShort,Bewijs toevoegen,Add proof,Dodaj dowód,Adaugă dovada,أضف إثباتاً,UiStringsCareer.cs,Needs native review (pl/ro/ar)
CareerStep.Complete,Deze stap is klaar,This step is done,Ten krok jest gotowy,Acest pas e gata,هذه الخطوة جاهزة,UiStringsCareer.cs,Needs native review (pl/ro/ar)
CareerStep.Undo,Toch nog niet klaar,Not done after all,Jednak jeszcze nie gotowy,Totuși nu e gata,لم تكتمل بعد,UiStringsCareer.cs,Needs native review (pl/ro/ar)
CareerStep.FinishFirst,Eerst stap {0} afmaken.,Finish step {0} first.,Najpierw skończ krok {0}.,Termină mai întâi pasul {0}.,أكمل الخطوة {0} أولاً.,UiStringsCareer.cs,Needs native review (pl/ro/ar)
Career.Done.Eyebrow,De klim · stap {0} van {1} klaar,The climb · step {0} of {1} done,Wspinaczka · krok {0} z {1} gotowy,Urcarea · pasul {0} din {1} gata,الصعود · الخطوة {0} من {1} مكتملة,UiStringsCareer.cs,Needs native review (pl/ro/ar)
Career.Done.OldShell,Oude schaal,Old shell,Stara skorupa,Carapace veche,القوقعة القديمة,UiStringsCareer.cs,Needs native review (pl/ro/ar)
Career.Done.Title,Je nieuwe schaal past,Your new shell fits,Twoja nowa skorupa pasuje,Noua ta carapace se potrivește,قوقعتك الجديدة تناسبك,UiStringsCareer.cs,Needs native review (pl/ro/ar)
Career.Done.Lead,{0} is gehaald. Je oude schaal was te krap. Je bent weer gegroeid.,{0} is done. Your old shell was too tight. You grew again.,{0} zaliczone. Twoja stara skorupa była za ciasna. Znów urosłeś.,{0} e finalizat. Carapacea veche era prea strâmtă. Ai crescut din nou.,{0} أُنجزت. قوقعتك القديمة كانت ضيقة. لقد نموت مرة أخرى.,UiStringsCareer.cs,Needs native review (pl/ro/ar)
Career.Done.GainProof,{0} staat in je paspoort,{0} is in your passport,{0} jest w twoim paszporcie,{0} este în pașaportul tău,{0} موجودة في جوازك,UiStringsCareer.cs,Needs native review (pl/ro/ar)
Career.Done.GainProofProfile,{0} staat in je profiel,{0} is in your profile,{0} jest w twoim profilu,{0} este în profilul tău,{0} موجودة في ملفك,UiStringsCareer.cs,Needs native review (pl/ro/ar)
Career.Done.GainClaw,Je klauw ‘{0}’ is gegroeid,Your claw “{0}” has grown,Twoje szczypce „{0}” urosły,Cleștele tău „{0}” a crescut,مخلبك «{0}» قد نما,UiStringsCareer.cs,Needs native review (pl/ro/ar)
Career.Done.GainVacancies,Nieuw: {0} vacatures als {1} passen bij je,New: {0} jobs as {1} fit you,Nowe: {0} ogłoszeń jako {1} do ciebie pasuje,Nou: {0} joburi ca {1} ți se potrivesc,جديد: {0} وظائف كـ {1} تناسبك,UiStringsCareer.cs,Needs native review (pl/ro/ar)
Career.Done.GainNone,Stap {0} staat als gehaald in je plan.,Step {0} is marked as done in your plan.,Krok {0} jest zaliczony w twoim planie.,Pasul {0} e marcat ca finalizat în planul tău.,الخطوة {0} مُسجّلة كمكتملة في خطتك.,UiStringsCareer.cs,Needs native review (pl/ro/ar)
Career.Done.NextTitle,Je volgende steen,Your next stone,Twój następny kamień,Următoarea ta piatră,حجرك التالي,UiStringsCareer.cs,Needs native review (pl/ro/ar)
Career.Done.NextStep,Stap {0}: {1},Step {0}: {1},Krok {0}: {1},Pasul {0}: {1},الخطوة {0}: {1},UiStringsCareer.cs,Needs native review (pl/ro/ar)
Career.Done.NextFacts,Nog {0} klauwen · {1} opleidingen,{0} claws still · {1} courses,Jeszcze {0} szczypce · {1} szkoleń,Încă {0} clești · {1} cursuri,بقي {0} مخالب · {1} دورات,UiStringsCareer.cs,Needs native review (pl/ro/ar)
Career.Done.NextFactsGapsOnly,Nog {0} klauwen,{0} claws still,Jeszcze {0} szczypce,Încă {0} clești,بقي {0} مخالب,UiStringsCareer.cs,Needs native review (pl/ro/ar)
Career.Done.Next,Op naar stap {0},On to step {0},Do kroku {0},Spre pasul {0},إلى الخطوة {0},UiStringsCareer.cs,Needs native review (pl/ro/ar)
Career.Done.Dream,Bekijk je droombaan,View your dream job,Zobacz swoją wymarzoną pracę,Vezi jobul tău visat,اعرض وظيفة أحلامك,UiStringsCareer.cs,Needs native review (pl/ro/ar)
Career.Done.Announce,Stap {0} is klaar. Je nieuwe schaal past.,Step {0} is done. Your new shell fits.,Krok {0} gotowy. Twoja nowa skorupa pasuje.,Pasul {0} e gata. Noua ta carapace se potrivește.,الخطوة {0} مكتملة. قوقعتك الجديدة تناسبك.,UiStringsCareer.cs,Needs native review (pl/ro/ar)
Career.Undo.Announce,Stap {0} staat weer open.,Step {0} is open again.,Krok {0} jest znów otwarty.,Pasul {0} e din nou deschis.,الخطوة {0} مفتوحة مرة أخرى.,UiStringsCareer.cs,Needs native review (pl/ro/ar)
TalentC.Word.Passport,paspoort,passport,paszport,pașaport,جواز,UiStringsTalentCandidate.cs,Needs native review (pl/ro/ar)
TalentC.Word.Profile,profiel,profile,profil,profil,ملف,UiStringsTalentCandidate.cs,Needs native review (pl/ro/ar)
TalentC.Eyebrow,Contactverzoeken,Contact requests,Zapytania o kontakt,Cereri de contact,طلبات التواصل,UiStringsTalentCandidate.cs,Needs native review (pl/ro/ar)
TalentC.Title,Een werkgever wil je spreken,An employer wants to talk to you,Pracodawca chce z tobą porozmawiać,Un angajator vrea să vorbească cu tine,صاحب عمل يريد التحدث إليك,UiStringsTalentCandidate.cs,Needs native review (pl/ro/ar)
TalentC.TitleNone,Contactverzoeken,Contact requests,Zapytania o kontakt,Cereri de contact,طلبات التواصل,UiStringsTalentCandidate.cs,Needs native review (pl/ro/ar)
TalentC.Lead,"Werkgevers zien je naam, e-mail en telefoon pas als jij ja zegt. Nee zeggen mag altijd.","Employers only see your name, e-mail and phone once you say yes. You may always say no.","Pracodawcy zobaczą twoje imię, e-mail i telefon dopiero, gdy powiesz tak. Zawsze możesz odmówić.","Angajatorii îți văd numele, e-mailul și telefonul doar după ce spui da. Poți refuza oricând.",لا يرى أصحاب العمل اسمك وبريدك وهاتفك إلا بعد موافقتك. يمكنك الرفض دائماً.,UiStringsTalentCandidate.cs,Needs native review (pl/ro/ar)
TalentC.How.Title,Zo werkt het,How this works,Jak to działa,Cum funcționează,كيف يعمل هذا,UiStringsTalentCandidate.cs,Needs native review (pl/ro/ar)
TalentC.How.Sub,"Jij beslist, altijd.","You decide, always.","Ty decydujesz, zawsze.","Tu decizi, mereu.",القرار لك، دائماً.,UiStringsTalentCandidate.cs,Needs native review (pl/ro/ar)
TalentC.How.Anonymous,"Een werkgever ziet je {0}, maar niet je naam, e-mail of telefoon.","An employer sees your {0}, but not your name, e-mail or phone.","Pracodawca widzi twój {0}, ale nie imię, e-mail ani telefon.","Un angajator vede {0}, dar nu numele, e-mailul sau telefonul.",يرى صاحب العمل {0} الخاص بك، لكن ليس اسمك أو بريدك أو هاتفك.,UiStringsTalentCandidate.cs,Needs native review (pl/ro/ar)
TalentC.How.Share,"Pas als jij ja zegt, krijgt die werkgever je naam, e-mail en telefoon.","Only when you say yes does that employer get your name, e-mail and phone.","Dopiero gdy powiesz tak, ten pracodawca otrzyma twoje imię, e-mail i telefon.","Doar când spui da, acel angajator primește numele, e-mailul și telefonul tău.",عند موافقتك فقط يحصل صاحب العمل على اسمك وبريدك وهاتفك.,UiStringsTalentCandidate.cs,Needs native review (pl/ro/ar)
TalentC.How.Time,"Reageer het liefst binnen 2 dagen. Zeg je niets, dan wordt er niets gedeeld.",Reply within 2 days if you can. Say nothing and nothing is shared.,"Odpowiedz najlepiej w ciągu 2 dni. Jeśli nic nie powiesz, nic nie zostanie udostępnione.","Răspunde, de preferat, în 2 zile. Dacă nu spui nimic, nu se împarte nimic.",يُفضَّل الرد خلال يومين. إذا لم ترد، فلن تُشارَك أي بيانات.,UiStringsTalentCandidate.cs,Needs native review (pl/ro/ar)
TalentC.How.No,Nee zeggen mag. De werkgever ziet alleen “geen interesse”.,Saying no is fine. The employer only sees “no interest”.,Możesz odmówić. Pracodawca zobaczy tylko „brak zainteresowania”.,Poți spune nu. Angajatorul vede doar „fără interes”.,الرفض مسموح. يرى صاحب العمل «لا يوجد اهتمام» فقط.,UiStringsTalentCandidate.cs,Needs native review (pl/ro/ar)
TalentC.Company.Unknown,Een werkgever,An employer,Pracodawca,Un angajator,صاحب عمل,UiStringsTalentCandidate.cs,Needs native review (pl/ro/ar)
TalentC.Status.Open,Wacht op jou,Waiting for you,Czeka na ciebie,Așteaptă răspunsul tău,بانتظار ردك,UiStringsTalentCandidate.cs,Needs native review (pl/ro/ar)
TalentC.Status.Shared,Je zei ja,You said yes,Powiedziałeś tak,Ai spus da,لقد وافقت,UiStringsTalentCandidate.cs,Needs native review (pl/ro/ar)
TalentC.Status.Declined,Je zei nee,You said no,Powiedziałeś nie,Ai spus nu,لقد رفضت,UiStringsTalentCandidate.cs,Needs native review (pl/ro/ar)
TalentC.Status.Withdrawn,Gestopt,Stopped,Zakończone,Oprit,متوقف,UiStringsTalentCandidate.cs,Needs native review (pl/ro/ar)
TalentC.When.Before,Reageer het liefst vóór {0},Reply before {0} if you can,Odpowiedz najlepiej przed {0},"Răspunde, de preferat, înainte de {0}",يُفضَّل الرد قبل {0},UiStringsTalentCandidate.cs,Needs native review (pl/ro/ar)
TalentC.When.Late,"De tijd is om, maar je kunt nog reageren.","Time is up, but you can still reply.","Czas minął, ale nadal możesz odpowiedzieć.","Timpul a trecut, dar poți încă răspunde.",انتهى الوقت، لكن ما زال يمكنك الرد.,UiStringsTalentCandidate.cs,Needs native review (pl/ro/ar)
TalentC.Shared.Line,"{0} · Je naam, e-mail en telefoon zijn gedeeld. De werkgever neemt contact met je op.","{0} · Your name, e-mail and phone were shared. The employer will contact you.","{0} · Twoje imię, e-mail i telefon zostały udostępnione. Pracodawca się z tobą skontaktuje.","{0} · Numele, e-mailul și telefonul tău au fost partajate. Angajatorul te va contacta.",{0} · تمت مشاركة اسمك وبريدك وهاتفك. سيتواصل صاحب العمل معك.,UiStringsTalentCandidate.cs,Needs native review (pl/ro/ar)
TalentC.Declined.Line,{0} · Er is niets gedeeld.,{0} · Nothing was shared.,{0} · Nic nie zostało udostępnione.,{0} · Nu s-a partajat nimic.,{0} · لم تُشارَك أي بيانات.,UiStringsTalentCandidate.cs,Needs native review (pl/ro/ar)
TalentC.Declined.Placed,· Je had al werk,· You already had work,· Miałeś już pracę,· Aveai deja de lucru,· كان لديك عمل بالفعل,UiStringsTalentCandidate.cs,Needs native review (pl/ro/ar)
TalentC.Withdrawn.Line,De werkgever heeft het verzoek ingetrokken. Er is niets gedeeld.,The employer withdrew the request. Nothing was shared.,Pracodawca wycofał zapytanie. Nic nie zostało udostępnione.,Angajatorul a retras cererea. Nu s-a partajat nimic.,سحب صاحب العمل الطلب. لم تُشارَك أي بيانات.,UiStringsTalentCandidate.cs,Needs native review (pl/ro/ar)
TalentC.Said.No,Je zei nee. Er is niets gedeeld.,You said no. Nothing was shared.,Powiedziałeś nie. Nic nie zostało udostępnione.,Ai spus nu. Nu s-a partajat nimic.,لقد رفضت. لم تُشارَك أي بيانات.,UiStringsTalentCandidate.cs,Needs native review (pl/ro/ar)
TalentC.Action.Yes,"Ja, deel mijn gegevens","Yes, share my details","Tak, udostępnij moje dane","Da, împarte datele mele",نعم، شارك بياناتي,UiStringsTalentCandidate.cs,Needs native review (pl/ro/ar)
TalentC.Action.Placed,Ik heb al werk,I already have work,Mam już pracę,Am deja de lucru,لدي عمل بالفعل,UiStringsTalentCandidate.cs,Needs native review (pl/ro/ar)
TalentC.Action.No,Geen interesse,Not interested,Brak zainteresowania,Fără interes,لا يوجد اهتمام,UiStringsTalentCandidate.cs,Needs native review (pl/ro/ar)
TalentC.Empty.Text,"Nog geen contactverzoeken. Maak je {0} sterker, dan vinden werkgevers je sneller.",No contact requests yet. Make your {0} stronger and employers will find you faster.,"Jeszcze żadnych zapytań. Wzmocnij swój {0}, a pracodawcy znajdą cię szybciej.",Încă nicio cerere. Întărește-ți {0} și angajatorii te vor găsi mai repede.,لا توجد طلبات بعد. عزّز {0} الخاص بك ليجدك أصحاب العمل أسرع.,UiStringsTalentCandidate.cs,Needs native review (pl/ro/ar)
TalentC.Empty.Link,Naar mijn {0},To my {0},Do mojego {0},Către {0} meu,إلى {0},UiStringsTalentCandidate.cs,Needs native review (pl/ro/ar)
TalentC.Say,Mijn antennes trillen: iemand vindt dat je past. Jij beslist of je ja zegt.,My antennas are buzzing: someone thinks you fit. You decide whether to say yes.,"Moje czułki drżą: ktoś uważa, że pasujesz. Ty decydujesz, czy powiesz tak.",Antenele mele vibrează: cineva crede că te potrivești. Tu decizi dacă spui da.,قرون استشعاري تهتزّ: أحدهم يرى أنك مناسب. أنت تقرر إن كنت توافق.,UiStringsTalentCandidate.cs,Needs native review (pl/ro/ar)
TalentC.Say.None,"Ik luister mee. Komt er een verzoek, dan zie je het hier.","I’m listening. If a request arrives, you’ll see it here.","Nasłuchuję. Gdy pojawi się zapytanie, zobaczysz je tutaj.","Ascult. Când apare o cerere, o vezi aici.",أنا أستمع. عند وصول طلب ستراه هنا.,UiStringsTalentCandidate.cs,Needs native review (pl/ro/ar)
TalentC.Dialog.Title,Je gegevens delen met {0}?,Share your details with {0}?,Udostępnić twoje dane firmie {0}?,Împarți datele tale cu {0}?,مشاركة بياناتك مع {0}؟,UiStringsTalentCandidate.cs,Needs native review (pl/ro/ar)
TalentC.Dialog.Sub,Dit krijgt {0} als je ja zegt:,This is what {0} gets when you say yes:,"To otrzyma {0}, gdy powiesz tak:",Asta primește {0} când spui da:,هذا ما سيحصل عليه {0} عند موافقتك:,UiStringsTalentCandidate.cs,Needs native review (pl/ro/ar)
TalentC.Dialog.Name,Naam,Name,Imię,Nume,الاسم,UiStringsTalentCandidate.cs,Needs native review (pl/ro/ar)
TalentC.Dialog.Email,E-mail,E-mail,E-mail,E-mail,البريد الإلكتروني,UiStringsTalentCandidate.cs,Needs native review (pl/ro/ar)
TalentC.Dialog.Phone,Telefoon,Phone,Telefon,Telefon,الهاتف,UiStringsTalentCandidate.cs,Needs native review (pl/ro/ar)
TalentC.Dialog.Missing,niet ingevuld,not provided,nie podano,necompletat,غير مُدخل,UiStringsTalentCandidate.cs,Needs native review (pl/ro/ar)
TalentC.Dialog.Hint,Delen kun je niet terugdraaien. De werkgever mag je daarna bellen of mailen over dit werk.,Sharing cannot be undone. After that the employer may call or e-mail you about this work.,Udostępnienia nie można cofnąć. Potem pracodawca może zadzwonić lub napisać w sprawie tej pracy.,Partajarea nu poate fi anulată. După aceea angajatorul poate să te sune sau să îți scrie despre acest job.,لا يمكن التراجع عن المشاركة. بعدها يمكن لصاحب العمل الاتصال بك أو مراسلتك بشأن هذا العمل.,UiStringsTalentCandidate.cs,Needs native review (pl/ro/ar)
TalentC.Dialog.Cancel,Nog niet,Not yet,Jeszcze nie,Nu încă,ليس بعد,UiStringsTalentCandidate.cs,Needs native review (pl/ro/ar)
TalentC.Shared.Announce,Je gegevens zijn gedeeld met {0}.,Your details were shared with {0}.,Twoje dane zostały udostępnione firmie {0}.,Datele tale au fost partajate cu {0}.,تمت مشاركة بياناتك مع {0}.,UiStringsTalentCandidate.cs,Needs native review (pl/ro/ar)
TalentC.Off.Title,Contactverzoeken staan nu uit.,Contact requests are switched off right now.,Zapytania o kontakt są teraz wyłączone.,Cererile de contact sunt momentan oprite.,طلبات التواصل متوقفة حالياً.,UiStringsTalentCandidate.cs,Needs native review (pl/ro/ar)
TalentC.Err.NotFound,Dit verzoek bestaat niet meer.,This request no longer exists.,To zapytanie już nie istnieje.,Această cerere nu mai există.,هذا الطلب لم يعد موجوداً.,UiStringsTalentCandidate.cs,Needs native review (pl/ro/ar)
TalentC.Err.CannotRespond,Op dit verzoek kun je niet meer reageren.,You can no longer reply to this request.,Nie możesz już odpowiedzieć na to zapytanie.,Nu mai poți răspunde la această cerere.,لم يعد بإمكانك الرد على هذا الطلب.,UiStringsTalentCandidate.cs,Needs native review (pl/ro/ar)
TalentC.Err.ConfirmShare,Bevestig eerst in het venster dat je je gegevens wilt delen.,First confirm in the dialog that you want to share your details.,"Najpierw potwierdź w okienku, że chcesz udostępnić swoje dane.",Confirmă mai întâi în fereastră că vrei să împarți datele tale.,أكّد أولاً في النافذة أنك تريد مشاركة بياناتك.,UiStringsTalentCandidate.cs,Needs native review (pl/ro/ar)
TalentC.Err.Preview,We kunnen nu niet laten zien wat er gedeeld wordt. Probeer het straks opnieuw.,We can’t show what would be shared right now. Please try again later.,"Nie możemy teraz pokazać, co zostanie udostępnione. Spróbuj później.",Nu putem arăta acum ce s-ar partaja. Încearcă mai târziu.,لا يمكننا الآن إظهار ما سيُشارَك. حاول لاحقاً.,UiStringsTalentCandidate.cs,Needs native review (pl/ro/ar)
Talent.DeclineReason.NotInterested,Geen interesse,Not interested,Brak zainteresowania,Fără interes,لا يوجد اهتمام,UiStringsTalentCandidate.cs,Needs native review (pl/ro/ar)
Talent.DeclineReason.AlreadyPlaced,Al voorzien,Already placed,Już zatrudniony,Deja ocupat,تم التعيين بالفعل,UiStringsTalentCandidate.cs,Needs native review (pl/ro/ar)
HowC.Eyebrow,Hoe werkt Lobsy?,How does Lobsy work?,Jak działa Lobsy?,Cum funcționează Lobsy?,كيف يعمل لوبسي؟,UiStringsHowLobsyCandidate.cs,Needs native review (pl/ro/ar)
HowC.Title,"{0} stenen, in je eigen tempo","{0} stones, at your own pace","{0} kamienie, we własnym tempie","{0} pietre, în ritmul tău",{0} أحجار، بالسرعة التي تريدها,UiStringsHowLobsyCandidate.cs,Needs native review (pl/ro/ar)
HowC.Lead,Je hoeft niet alles tegelijk. Begin waar je wilt. Alles wordt bewaard.,You don’t have to do it all at once. Start where you like. Everything is saved.,"Nie musisz robić wszystkiego naraz. Zacznij tam, gdzie chcesz. Wszystko jest zapisywane.",Nu trebuie să faci totul dintr-odată. Începe unde vrei. Totul se salvează.,لا حاجة لفعل كل شيء مرة واحدة. ابدأ من حيث تريد. كل شيء محفوظ.,UiStringsHowLobsyCandidate.cs,Needs native review (pl/ro/ar)
HowC.List.Label,Zo werkt Lobsy,How Lobsy works,Tak działa Lobsy,Așa funcționează Lobsy,هكذا يعمل لوبسي,UiStringsHowLobsyCandidate.cs,Needs native review (pl/ro/ar)
HowC.Count.1,Eén,One,Jeden,O,حجر واحد,UiStringsHowLobsyCandidate.cs,Needs native review (pl/ro/ar)
HowC.Count.2,Twee,Two,Dwa,Două,حجران,UiStringsHowLobsyCandidate.cs,Needs native review (pl/ro/ar)
HowC.Count.3,Drie,Three,Trzy,Trei,ثلاثة,UiStringsHowLobsyCandidate.cs,Needs native review (pl/ro/ar)
HowC.Count.4,Vier,Four,Cztery,Patru,أربعة,UiStringsHowLobsyCandidate.cs,Needs native review (pl/ro/ar)
HowC.Count.5,Vijf,Five,Pięć,Cinci,خمسة,UiStringsHowLobsyCandidate.cs,Needs native review (pl/ro/ar)
HowC.Stone.Discovery.Title,De ontdekkingsreis,The discovery journey,Podróż odkrywcza,Călătoria de descoperire,رحلة الاستكشاف,UiStringsHowLobsyCandidate.cs,Needs native review (pl/ro/ar)
HowC.Stone.Discovery.Body,"Ontdek wie je bent. Korte stappen, in je eigen tempo.","Discover who you are. Short steps, at your own pace.","Odkryj, kim jesteś. Krótkie kroki, we własnym tempie.","Descoperă cine ești. Pași scurți, în ritmul tău.",اكتشف من أنت. خطوات قصيرة، بالسرعة التي تريدها.,UiStringsHowLobsyCandidate.cs,Needs native review (pl/ro/ar)
HowC.Stone.Profile.Title,Je profiel invullen,Fill in your profile,Uzupełnij profil,Completează profilul,أكمل ملفك,UiStringsHowLobsyCandidate.cs,Needs native review (pl/ro/ar)
HowC.Stone.Profile.Body,"Vertel kort wie je bent. Korte stappen, in je eigen tempo.","Tell us briefly who you are. Short steps, at your own pace.","Powiedz krótko, kim jesteś. Krótkie kroki, we własnym tempie.","Spune scurt cine ești. Pași scurți, în ritmul tău.",أخبرنا باختصار من أنت. خطوات قصيرة، بالسرعة التي تريدها.,UiStringsHowLobsyCandidate.cs,Needs native review (pl/ro/ar)
HowC.Stone.Passport.Title,Mijn Paspoort,My Passport,Mój Paszport,Pașaportul meu,جوازي,UiStringsHowLobsyCandidate.cs,Needs native review (pl/ro/ar)
HowC.Stone.Passport.Body,Alles over jou op één plek. Jij kiest wie het ziet.,Everything about you in one place. You choose who sees it.,"Wszystko o Tobie w jednym miejscu. Ty wybierasz, kto to widzi.",Tot despre tine într-un singur loc. Tu alegi cine vede.,كل ما يتعلق بك في مكان واحد. أنت تختار من يراه.,UiStringsHowLobsyCandidate.cs,Needs native review (pl/ro/ar)
HowC.Stone.MyProfile.Title,Mijn profiel,My profile,Mój profil,Profilul meu,ملفي,UiStringsHowLobsyCandidate.cs,Needs native review (pl/ro/ar)
HowC.Stone.MyProfile.Body,Alles over jou op één plek.,Everything about you in one place.,Wszystko o Tobie w jednym miejscu.,Tot despre tine într-un singur loc.,كل ما يتعلق بك في مكان واحد.,UiStringsHowLobsyCandidate.cs,Needs native review (pl/ro/ar)
HowC.Stone.Career.Title,Carrière,Career,Kariera,Carieră,المسار المهني,UiStringsHowLobsyCandidate.cs,Needs native review (pl/ro/ar)
HowC.Stone.Career.Body,Kies je droombaan en groei steen voor steen.,Pick your dream job and grow stone by stone.,Wybierz wymarzoną pracę i rośnij kamień po kamieniu.,Alege jobul de vis și crește pas cu pas.,اختر وظيفة أحلامك وانمُ حجراً بعد حجر.,UiStringsHowLobsyCandidate.cs,Needs native review (pl/ro/ar)
HowC.Stone.JobMap.Title,Banenkaart,Job map,Mapa ofert,Harta joburilor,خريطة الوظائف,UiStringsHowLobsyCandidate.cs,Needs native review (pl/ro/ar)
HowC.Stone.JobMap.Body,"Vind werk dichtbij huis, op de kaart.","Find work close to home, on the map.","Znajdź pracę blisko domu, na mapie.","Găsește muncă aproape de casă, pe hartă.",اعثر على عمل قريب من بيتك، على الخريطة.,UiStringsHowLobsyCandidate.cs,Needs native review (pl/ro/ar)
HowC.Stone.Applications.Title,Sollicitaties,Applications,Aplikacje,Candidaturi,الطلبات,UiStringsHowLobsyCandidate.cs,Needs native review (pl/ro/ar)
HowC.Stone.Applications.Body,Zie waar je solliciteerde en wat er gebeurt.,See where you applied and what happens next.,"Zobacz, gdzie aplikowałeś i co się dzieje.",Vezi unde ai aplicat și ce se întâmplă.,شاهد أين تقدّمت وما يحدث بعد ذلك.,UiStringsHowLobsyCandidate.cs,Needs native review (pl/ro/ar)
HowC.Short.Discovery,Reis,Journey,Podróż,Călătorie,رحلة,UiStringsHowLobsyCandidate.cs,Needs native review (pl/ro/ar)
HowC.Short.Passport,Paspoort,Passport,Paszport,Pașaport,جواز,UiStringsHowLobsyCandidate.cs,Needs native review (pl/ro/ar)
HowC.Short.Career,Carrière,Career,Kariera,Carieră,مسار,UiStringsHowLobsyCandidate.cs,Needs native review (pl/ro/ar)
HowC.Short.JobMap,Banenkaart,Job map,Mapa,Hartă,خريطة,UiStringsHowLobsyCandidate.cs,Needs native review (pl/ro/ar)
HowC.Short.Applications,Sollicitaties,Applications,Aplikacje,Candidaturi,طلبات,UiStringsHowLobsyCandidate.cs,Needs native review (pl/ro/ar)
HowC.Link.Back,Kijk terug,Look back,Zobacz ponownie,Privește înapoi,راجعها,UiStringsHowLobsyCandidate.cs,Needs native review (pl/ro/ar)
HowC.Link.Start,Begin,Start,Zacznij,Începe,ابدأ,UiStringsHowLobsyCandidate.cs,Needs native review (pl/ro/ar)
HowC.Link.Continue,Ga verder,Continue,Kontynuuj,Continuă,تابع,UiStringsHowLobsyCandidate.cs,Needs native review (pl/ro/ar)
HowC.Link.Open,Open,Open,Otwórz,Deschide,افتح,UiStringsHowLobsyCandidate.cs,Needs native review (pl/ro/ar)
HowC.State.Done,Klaar,Done,Gotowe,Gata,تم,UiStringsHowLobsyCandidate.cs,Needs native review (pl/ro/ar)
HowC.State.Now,Hier ben je nu,You are here now,Tu jesteś teraz,Ești aici acum,أنت هنا الآن,UiStringsHowLobsyCandidate.cs,Needs native review (pl/ro/ar)
HowC.State.Todo,Nog te doen,Still to do,Jeszcze do zrobienia,Încă de făcut,ما زال أمامك,UiStringsHowLobsyCandidate.cs,Needs native review (pl/ro/ar)
HowC.Safe.Title,Veilig en rustig,Safe and calm,Bezpiecznie i spokojnie,În siguranță și calm,بأمان وهدوء,UiStringsHowLobsyCandidate.cs,Needs native review (pl/ro/ar)
HowC.Safe.TitleMobile,Goed om te weten,Good to know,Warto wiedzieć,Bine de știut,معلومات مفيدة,UiStringsHowLobsyCandidate.cs,Needs native review (pl/ro/ar)
HowC.Safe.Names,Werkgevers zien je naam pas als jij ja zegt.,Employers only see your name once you say yes.,"Pracodawcy zobaczą Twoje imię dopiero, gdy się zgodzisz.",Angajatorii îți văd numele doar după ce spui da.,لا يرى أصحاب العمل اسمك إلا عندما توافق.,UiStringsHowLobsyCandidate.cs,Needs native review (pl/ro/ar)
HowC.Safe.Saved,Alles is bewaard. Stoppen mag altijd.,Everything is saved. You can stop whenever you want.,Wszystko jest zapisane. Zawsze możesz przerwać.,Totul este salvat. Poți opri oricând.,كل شيء محفوظ. يمكنك التوقف في أي وقت.,UiStringsHowLobsyCandidate.cs,Needs native review (pl/ro/ar)
HowC.Safe.Languages,Lobsy in jouw taal:,Lobsy in your language:,Lobsy w Twoim języku:,Lobsy în limba ta:,لوبسي بلغتك:,UiStringsHowLobsyCandidate.cs,Needs native review (pl/ro/ar)
HowC.Safe.Assistant,"Vragen? Tik op {0}, rechts op het scherm.","Questions? Tap {0}, on the right of the screen.","Pytania? Dotknij {0}, po prawej stronie ekranu.","Întrebări? Atinge {0}, în dreapta ecranului.",أسئلة؟ اضغط على {0}، على يمين الشاشة.,UiStringsHowLobsyCandidate.cs,Needs native review (pl/ro/ar)
HowC.Safe.AssistantRtl,"Vragen? Tik op {0}, links op het scherm.","Questions? Tap {0}, on the left of the screen.","Pytania? Dotknij {0}, po lewej stronie ekranu.","Întrebări? Atinge {0}, în stânga ecranului.",أسئلة؟ اضغط على {0}، على يسار الشاشة.,UiStringsHowLobsyCandidate.cs,Needs native review (pl/ro/ar)
HowC.Say,Kijk: {0} stenen heb je al. Nu kies je waar je naartoe groeit.,Look: you already have {0} stones. Now you choose where you grow to.,"Patrz: masz już {0} kamienie. Teraz wybierasz, gdzie chcesz rosnąć.",Uite: ai deja {0} pietre. Acum alegi încotro crești.,انظر: لديك بالفعل {0} أحجار. الآن تختار إلى أين تنمو.,UiStringsHowLobsyCandidate.cs,Needs native review (pl/ro/ar)
HowC.Say.Zero,Begin bij de eerste steen. Ik loop met je mee.,Start at the first stone. I’ll walk with you.,Zacznij od pierwszego kamienia. Pójdę z Tobą.,Începe de la prima piatră. Merg cu tine.,ابدأ من الحجر الأول. سأسير معك.,UiStringsHowLobsyCandidate.cs,Needs native review (pl/ro/ar)
HowC.Say.All,Alle stenen heb je gehad. Kijk rustig terug wat je wilt.,You’ve had every stone. Look back at whatever you like.,"Przeszedłeś wszystkie kamienie. Spokojnie wróć do tego, co chcesz.",Ai trecut toate pietrele. Privește liniștit înapoi la ce vrei.,لقد مررت بكل الأحجار. راجع بهدوء ما تريد.,UiStringsHowLobsyCandidate.cs,Needs native review (pl/ro/ar)
HowC.Say.Short,{0} stenen heb je al. Op naar steen {1}.,You already have {0} stones. On to stone {1}.,Masz już {0} kamienie. Do kamienia {1}.,Ai deja {0} pietre. Spre piatra {1}.,لديك بالفعل {0} أحجار. إلى الحجر {1}.,UiStringsHowLobsyCandidate.cs,Needs native review (pl/ro/ar)
HowC.Ack,Ik snap het,I get it,Rozumiem,Am înțeles,فهمت,UiStringsHowLobsyCandidate.cs,Needs native review (pl/ro/ar)
HowC.Ack.Done,Top. Je vindt deze uitleg altijd terug in het menu.,Great. You can always find this explanation in the menu.,Super. To wyjaśnienie zawsze znajdziesz w menu.,Super. Găsești oricând această explicație în meniu.,رائع. يمكنك دائماً العثور على هذا الشرح في القائمة.,UiStringsHowLobsyCandidate.cs,Needs native review (pl/ro/ar)
HowC.Primary,Verder met {0},Continue with {0},Dalej z {0},Continuă cu {0},تابع مع {0},UiStringsHowLobsyCandidate.cs,Needs native review (pl/ro/ar)
HowC.Err.Save,Dat lukte niet. Probeer het straks opnieuw.,That didn’t work. Please try again later.,Nie udało się. Spróbuj później.,Nu a funcționat. Încearcă mai târziu.,لم ينجح ذلك. حاول لاحقاً.,UiStringsHowLobsyCandidate.cs,Needs native review (pl/ro/ar)
