world,dimension,reversed,text,scenario
Koraalrif,Samenwerken,false,Bij een groepsopdracht houd ik rekening met wat de anderen willen.,Stel je voor: jullie verdelen de taken. Jij vraagt eerst wie wat het liefst doet.
Koraalrif,Resultaatgerichtheid,false,"Als ik een deadline heb, maak ik een planning en houd ik me eraan.",Stel je voor: over twee weken moet je praktijkopdracht af. Je verdeelt het werk over de dagen.
Koraalrif,Stressbestendigheid,false,"Als ik onder tijdsdruk moet werken, blijf ik rustig.",Stel je voor: op je bijbaan wordt het ineens heel druk. Jij blijft kalm doorwerken.
Koraalrif,Innovatie,false,"Als iets niet goed werkt, bedenk ik zelf een betere manier.",Stel je voor: op je stage gaat iets steeds mis. Jij komt met een idee om het anders te doen.
Koraalrif,Extraversie,false,Op een nieuwe stage of bijbaan maak ik snel contact met anderen.,Stel je voor: het is je eerste werkdag. Je stelt jezelf zelf voor aan het team.
Koraalrif,Samenwerken,false,"Als iemand in mijn team vastloopt, help ik zonder dat het gevraagd wordt.",Stel je voor: een klasgenoot komt niet verder met een opdracht. Jij gaat naast hem zitten en denkt mee.
Koraalrif,Resultaatgerichtheid,true,Ik begin vaak pas op het laatste moment aan een opdracht.,Stel je voor: je weet al weken wanneer je werkstuk af moet. Toch begin je pas de avond ervoor.
Koraalrif,Stressbestendigheid,false,Voor een belangrijke toets of examen blijf ik kalm.,"Stel je voor: morgen heb je een belangrijke toets. Je bent wat gespannen, maar je slaapt gewoon goed."
Koraalrif,Innovatie,false,Ik probeer graag nieuwe manieren uit om iets te leren.,Stel je voor: je leert voor een toets met een quiz op je telefoon in plaats van alleen te lezen.
Koraalrif,Extraversie,true,Op een feest of drukke plek trek ik me liever terug.,Stel je voor: op een verjaardag zijn veel mensen. Jij zoekt liever een rustig hoekje op.
Koraalrif,Samenwerken,false,"Als we het in een groep oneens zijn, zoek ik een middenweg.",Stel je voor: twee teamgenoten willen elk iets anders. Jij stelt voor om van allebei iets te gebruiken.
Koraalrif,Resultaatgerichtheid,false,"Ik maak af waar ik aan begin, ook als het tegenzit.",Stel je voor: je praktijkopdracht blijkt lastiger dan gedacht. Je vraagt om hulp en maakt hem toch af.
Koraalrif,Stressbestendigheid,false,Kritiek op mijn werk kan ik goed hebben.,Stel je voor: je stagebegeleider zegt dat je verslag beter moet. Je baalt even en gaat dan aan de slag.
Koraalrif,Innovatie,true,Ik doe dingen het liefst zoals ik ze altijd al deed.,Stel je voor: je stagebegeleider laat een nieuwe manier van werken zien. Jij houdt toch liever de oude aan.
Koraalrif,Extraversie,false,Ik vind het makkelijk om voor een groep te praten.,Stel je voor: je moet je project presenteren. Je vindt het eigenlijk wel leuk om te vertellen.
Koraalrif,Samenwerken,false,"Als een collega het druk heeft, neem ik graag een taak over.",Stel je voor: op je bijbaan staat er een lange rij bij de kassa. Jij springt bij zonder te mopperen.
Koraalrif,Resultaatgerichtheid,false,Ik controleer mijn werk voordat ik het inlever.,Stel je voor: je verslag is klaar. Je leest het nog één keer door en haalt de fouten eruit.
Koraalrif,Stressbestendigheid,true,"Als ik een fout maak, blijf ik er lang mee bezig.",Stel je voor: je hebt op je werk iets verkeerd gedaan. 's Avonds denk je er nog steeds aan.
Koraalrif,Innovatie,false,Ik kom snel met ideeën als we iets moeten bedenken.,Stel je voor: jullie moeten een actie bedenken voor een goed doel. Jij hebt meteen een paar ideeën.
Koraalrif,Extraversie,false,Ik maak makkelijk een praatje met onbekenden.,Stel je voor: je bent op een open dag van een opleiding. Je vraagt zomaar iets aan een student.
Koraalrif,Samenwerken,true,"Ik zet mijn eigen idee door, ook als de groep iets anders wil.","Stel je voor: jullie kiezen een onderwerp voor een project. Jij blijft bij jouw keuze, ook als de rest liever iets anders doet."
Koraalrif,Resultaatgerichtheid,false,Ik stel mezelf een doel en werk daar stap voor stap naartoe.,Stel je voor: je wilt slagen voor je theorie-examen voor de scooter. Je maakt een plan en oefent elke week.
Koraalrif,Stressbestendigheid,false,"Als een klant boos is, blijf ik rustig en vriendelijk.",Stel je voor: een klant op je bijbaan klaagt hard over de wachttijd. Jij blijft beleefd en luistert.
Koraalrif,Innovatie,false,Ik denk graag na over hoe dingen in de toekomst anders kunnen.,Stel je voor: je ziet een robot in een magazijn. Jij bedenkt meteen wat die nog meer zou kunnen doen.
Koraalrif,Extraversie,false,Ik krijg energie van werken met veel mensen om me heen.,Stel je voor: op een drukke zaterdag loop je de hele dag tussen klanten en collega's. Dat geeft je juist energie.
Schatgrot,Realistic,false,Ik wil later een vak leren waarin ik met mijn handen werk.,"Stel je voor: je legt elektra aan, bouwt een keuken of werkt met machines."
Schatgrot,Investigative,false,"Ik wil graag uitzoeken waarom iets gebeurt, ook als het ingewikkeld is.",Stel je voor: je telefoon wordt steeds trager. Jij zoekt uit wat de oorzaak is.
Schatgrot,Realistic,false,Ik zou graag buiten werken in plaats van binnen.,"Stel je voor: je werkt als stratenmaker, op een schip of als bezorger. Je bent bijna nooit binnen."
Schatgrot,Artistic,false,Ik zou graag werk doen waarin ik zelf iets ontwerp of maak.,"Stel je voor: je ontwerpt een logo, maakt een filmpje of richt een ruimte in."
Schatgrot,Social,false,Ik zou graag een stage doen waarin ik mensen help of begeleid.,"Stel je voor: je loopt stage in de zorg, in de kinderopvang of bij een sportclub."
Schatgrot,Enterprising,false,Ik vind het leuk om mensen ergens van te overtuigen.,Stel je voor: in de winkel waar je werkt raad je iemand een product aan. Diegene koopt het.
Schatgrot,Conventional,false,Ik werk graag met overzichten en gegevens die precies moeten kloppen.,Stel je voor: je houdt de voorraad bij en zorgt dat alles in het systeem klopt.
Schatgrot,Realistic,false,Ik wil leren hoe ik een apparaat of voertuig kan repareren.,Stel je voor: de ketting van je fiets of scooter loopt eraf. Jij zoekt uit hoe je het zelf maakt.
Schatgrot,Investigative,false,Ik vind het interessant om te begrijpen hoe het menselijk lichaam werkt.,Stel je voor: je ziet een documentaire over het hart. Daarna zoek je zelf nog meer op.
Schatgrot,Artistic,false,"Ik druk me graag uit met muziek, dans, toneel of tekenen.","Stel je voor: je schrijft een nummer, maakt een dans of speelt een rol in een voorstelling."
Schatgrot,Social,false,Ik vind het fijn om iemand iets te leren.,Stel je voor: je geeft bijles aan een jongere leerling of je traint een jeugdteam.
Schatgrot,Enterprising,false,In een groep neem ik graag de leiding.,Stel je voor: jullie moeten een feest of evenement organiseren. Jij verdeelt de taken en houdt het overzicht.
Schatgrot,Conventional,false,Ik vind het fijn om administratie netjes bij te houden.,Stel je voor: je houdt voor een sportclub de ledenlijst en de betalingen bij.
Schatgrot,Realistic,false,Ik wil aan het eind van de dag zien wat ik heb gemaakt.,"Stel je voor: na een dag werken staat er een muur, een kast of een gerepareerde auto."
Schatgrot,Investigative,false,Ik test graag of een idee echt werkt.,Stel je voor: iemand zegt dat een trucje je batterij langer laat meegaan. Jij probeert het uit en kijkt wat er gebeurt.
Schatgrot,Artistic,false,Ik zou graag werk doen waarin ik mijn eigen stijl kwijt kan.,"Stel je voor: je knipt haar, maakt foto's of richt een etalage in. Iedereen ziet dat het van jou is."
Schatgrot,Social,false,Ik vind het leuk om mensen met hun vragen verder te helpen.,Stel je voor: je werkt bij een balie of in een winkel en helpt mensen met hun vragen.
Schatgrot,Enterprising,false,Ik zou later graag een eigen bedrijf beginnen.,Stel je voor: je verkoopt zelfgemaakte spullen online of je start een eigen klusbedrijf.
Schatgrot,Conventional,false,Ik vind het fijn om dingen te ordenen en op te ruimen.,Stel je voor: in het magazijn van je bijbaan zet je alles op de juiste plek. Daarna vindt iedereen alles snel terug.
Schatgrot,Realistic,false,Ik zou graag werken met dieren of planten.,"Stel je voor: je loopt stage op een boerderij, in een dierenasiel of bij een kwekerij."
Schatgrot,Investigative,false,Ik zou graag in een lab of bij een onderzoeksteam werken.,Stel je voor: je loopt stage in een lab. Je doet metingen en kijkt wat de uitkomst betekent.
Schatgrot,Artistic,false,"Ik bedenk graag verhalen, teksten of filmpjes.",Stel je voor: je maakt een korte video over je stage. Je bedenkt zelf het verhaal en de muziek.
Schatgrot,Social,false,Ik zou graag mensen helpen die ziek zijn of extra zorg nodig hebben.,Stel je voor: je werkt in een ziekenhuis of bij de thuiszorg. Je helpt iemand die zichzelf niet meer kan wassen.
Schatgrot,Enterprising,false,Ik vind het leuk om over een prijs te onderhandelen.,Stel je voor: je verkoopt je oude fiets. Je probeert er een goede prijs voor te krijgen.
Schatgrot,Conventional,false,"Ik zou graag met geld, getallen of planningen werken.",Stel je voor: je maakt het rooster voor je sportteam of je telt de kassa op je bijbaan.
Vuurtoren,Autonomy,false,Ik wil later zelf kunnen bepalen hoe ik mijn werk doe.,Stel je voor: je krijgt een taak en mag zelf kiezen hoe je die aanpakt.
Vuurtoren,Connection,false,Ik wil later werken in een team waarin mensen elkaar steunen.,Stel je voor: je weet iets even niet. Iemand uit je team helpt je zonder gedoe.
Vuurtoren,Achievement,false,Ik kies liever een opleiding waarin ik echt goed kan worden.,"Stel je voor: bij je profielkeuze kies je een route die moeilijker is, maar waar je trots op bent."
Vuurtoren,Stability,false,Bij mijn studiekeuze vind ik zekerheid over werk later belangrijk.,Stel je voor: je kijkt bij een opleiding of er veel werk is voor mensen met dat diploma.
Vuurtoren,Impact,false,Ik wil later werk doen dat iets goeds betekent voor mensen of het milieu.,"Stel je voor: je werkt in de zorg, aan schone energie of voor een goed doel."
Vuurtoren,Autonomy,false,Ik wil later mijn eigen tijd kunnen indelen.,Stel je voor: je bepaalt zelf wanneer je begint en in welke volgorde je je werk doet.
Vuurtoren,Connection,false,Een goede sfeer met collega's vind ik heel belangrijk.,Stel je voor: je kiest tussen twee bijbanen. Je gaat voor de plek waar het team gezellig is.
Vuurtoren,Achievement,false,Ik wil laten zien wat ik kan.,Stel je voor: op je stage krijg je een moeilijke klus. Je wilt bewijzen dat je het aankunt.
Vuurtoren,Stability,false,Ik wil later een vast contract en een vast inkomen.,Stel je voor: je kiest tussen losse klussen en een vaste baan. Jij kiest voor de zekerheid.
Vuurtoren,Impact,false,Ik wil later bijdragen aan een eerlijkere wereld.,Stel je voor: je werkt voor een organisatie die opkomt voor mensen met minder kansen.
Vuurtoren,Autonomy,false,"Ik wil mijn studiekeuze zelf maken, ook als anderen iets anders adviseren.",Stel je voor: iedereen zegt dat je een bepaalde opleiding moet kiezen. Jij kiest toch wat bij jou past.
Vuurtoren,Connection,false,Na school wil ik contact houden met mensen die belangrijk voor me zijn.,Stel je voor: je gaat naar een opleiding in een andere stad. Je spreekt bewust af om je vrienden te blijven zien.
Vuurtoren,Achievement,false,Ik wil later doorgroeien naar een hogere functie.,Stel je voor: je begint als medewerker en wordt na een paar jaar teamleider.
Vuurtoren,Stability,false,Ik vind het fijn als ik weet wat ik de komende jaren ga doen.,Stel je voor: je hebt al een plan voor na je examen. Dat geeft je rust.
Vuurtoren,Impact,false,Ik vind het belangrijk dat mijn werk goed is voor mijn buurt.,Stel je voor: je helpt mee aan een nieuwe speelplek of een buurthuis in je eigen wijk.
Vuurtoren,Autonomy,false,Ik wil later ergens werken waar ik mijn eigen ideeën kan volgen.,Stel je voor: je mag op je werk een eigen project starten over iets wat jij belangrijk vindt.
Vuurtoren,Connection,false,Ik wil bij een groep horen waar ik mezelf kan zijn.,"Stel je voor: in je team of klas voel je je welkom, ook als je anders bent dan de rest."
Vuurtoren,Achievement,false,Ik wil steeds beter worden in wat ik doe.,"Stel je voor: na je stage vraag je om tips, zodat je het de volgende keer beter doet."
Vuurtoren,Stability,false,Later wil ik het liefst dicht bij huis wonen en werken.,"Stel je voor: je kiest een opleiding of baan dichtbij, zodat je niet hoeft te verhuizen."
Vuurtoren,Impact,false,Ik let erop dat ik zuinig ben met spullen en energie.,Stel je voor: op je bijbaan zie je dat er veel eten wordt weggegooid. Jij bedenkt hoe dat minder kan.
Vuurtoren,Autonomy,false,Ik wil later werk waarin ik mag meedenken over hoe het moet.,Stel je voor: op je werk vragen ze jouw mening over een nieuwe aanpak. Die wordt ook echt gebruikt.
Vuurtoren,Connection,false,"Ik help graag mensen uit mijn omgeving, ook als het mij tijd kost.",Stel je voor: een vriend gaat verhuizen. Jij helpt een hele zaterdag mee.
Vuurtoren,Achievement,false,Ik vind het belangrijk om goede resultaten te halen.,Stel je voor: je krijgt je cijferlijst. Je bent pas tevreden als je echt je best hebt gedaan.
Vuurtoren,Stability,false,Later wil ik goed voor mezelf kunnen zorgen.,Stel je voor: je wilt later genoeg verdienen om zelf je huur en boodschappen te betalen.
Vuurtoren,Impact,false,Ik zou vrijwilligerswerk doen voor iets waar ik in geloof.,Stel je voor: je helpt een paar uur per maand bij de voedselbank of bij een sportclub.
Lagune,Collaboration,false,Ik werk liever samen aan één doel dan alleen aan mijn eigen deel.,Stel je voor: bij een project verdelen jullie het werk en helpen jullie elkaar waar nodig.
Lagune,Autonomy,false,"Op mijn stage werk ik het liefst zelfstandig, zonder dat iemand steeds meekijkt.",Stel je voor: je krijgt een opdracht en mag die helemaal zelf afmaken.
Lagune,Collaboration,false,Ik overleg graag met anderen voordat ik iets beslis.,Stel je voor: je moet een keuze maken voor je project. Je vraagt eerst wat je teamgenoten ervan vinden.
Lagune,PeopleFirst,false,Op een werkplek vind ik het belangrijk dat iedereen zich gezien voelt.,Stel je voor: er komt iemand nieuw in het team. Die wordt meteen overal bij betrokken.
Lagune,Informal,false,Ik voel me thuis op een werkplek waar het informeel en gezellig is.,Stel je voor: iedereen noemt elkaar bij de voornaam en er wordt tijdens het werk gelachen.
Lagune,Flexibility,false,Ik kan goed omgaan met een rooster dat vaak verandert.,Stel je voor: je bijbaan belt of je vandaag een andere dienst wilt draaien. Dat vind je prima.
Lagune,Innovation,false,Ik wil werken op een plek waar nieuwe ideeën welkom zijn.,Stel je voor: op je stage stel je een verbetering voor. Het team probeert die meteen uit.
Lagune,Autonomy,false,Ik vind het prettig als ik zelf mag beslissen zonder eerst te overleggen.,Stel je voor: op je bijbaan mag je zelf kiezen hoe je de schappen vult. Je hoeft niet eerst te vragen hoe het moet.
Lagune,Collaboration,false,Ik leer het meest als ik samen met anderen aan iets werk.,Stel je voor: je leert voor een toets samen met een klasgenoot. Jullie overhoren elkaar.
Lagune,PeopleFirst,false,Hoe we met elkaar omgaan vind ik belangrijker dan snel klaar zijn.,"Stel je voor: jullie team moet opschieten, maar iemand voelt zich niet lekker. Jij vindt dat daar eerst aandacht voor moet zijn."
Lagune,Informal,false,Ik vind het prettig als ik op mijn werk gewone kleren aan mag.,Stel je voor: op je stage hoef je geen pak of uniform aan. Iedereen draagt wat hij wil.
Lagune,Flexibility,false,Ik vind het leuk als elke werkdag anders is.,"Stel je voor: de ene dag sta je in de winkel, de volgende dag help je in het magazijn."
Lagune,Innovation,false,Ik werk graag bij een bedrijf dat met nieuwe technieken bezig is.,"Stel je voor: je loopt stage bij een bedrijf dat werkt met drones, robots of slimme apps."
Lagune,Autonomy,false,Ik werk het best als ik zelf verantwoordelijk ben voor een klus.,Stel je voor: je krijgt op je stage een eigen taak. Je regelt alles zelf en vraagt alleen hulp als het nodig is.
Lagune,Collaboration,false,Ik vind het fijn om taken te verdelen met mijn team.,Stel je voor: jullie organiseren een open dag. Iedereen pakt een stuk en jullie stemmen het samen af.
Lagune,PeopleFirst,false,Ik vind het belangrijk dat iedereen in een overleg zijn mening kan geven.,Stel je voor: in een overleg op je stage vraagt de begeleider ook de stille mensen wat zij denken.
Lagune,Informal,false,Ik zeg op mijn werk het liefst gewoon 'jij' tegen iedereen.,"Stel je voor: je zegt 'jij' tegen iedereen op je stage, ook tegen de directeur."
Lagune,Flexibility,false,Ik werk graag op verschillende plekken in plaats van steeds op één plek.,"Stel je voor: je werkt elke week op een andere locatie, bijvoorbeeld op verschillende bouwplaatsen."
Lagune,Innovation,false,Ik vind het fijn als we op het werk iets nieuws mogen uitproberen.,"Stel je voor: jullie team mag een nieuwe manier van werken testen, ook als die misschien mislukt."
Lagune,Autonomy,false,Ik heb weinig begeleiding nodig om aan de slag te gaan.,Stel je voor: je begint op een nieuwe bijbaan. Na een korte uitleg ga je zelf aan het werk.
Lagune,Collaboration,false,"Ik deel mijn ideeën graag, zodat we er samen iets beters van maken.",Stel je voor: je hebt een idee voor je groepsopdracht. Je legt het voor en de anderen vullen het aan.
Lagune,PeopleFirst,false,Ik vind het fijn als een begeleider ook vraagt hoe het met me gaat.,"Stel je voor: je stagebegeleider vraagt niet alleen naar je werk, maar ook hoe je je voelt."
Lagune,Informal,true,Ik voel me het prettigst als het op het werk netjes en formeel gaat.,Stel je voor: op je stage zeg je 'u' tegen de directeur en is duidelijk wie wat beslist.
Lagune,Flexibility,false,Ik wen snel aan een nieuwe werkplek of een nieuwe klas.,Stel je voor: je stage heeft andere regels en tijden dan je gewend bent. Na een paar dagen gaat het vanzelf.
Lagune,Innovation,false,Ik voel me thuis in een team dat steeds wil verbeteren.,Stel je voor: na elk project bespreekt jullie team wat de volgende keer beter kan.
